run_id,epochs,learning_rate,IMPROVE_RESULT
run_01_001_0000,7.225460970817567e-05,1,2.3060238319441755
